{
  "options": {
    "noColor": false,
    "summaryTrendStats": [
      "avg",
      "min",
      "med",
      "max",
      "p(25)",
      "p(75)",
      "p(95)",
      "p(99)"
    ],
    "summaryTimeUnit": ""
  },
  "state": {
    "isStdOutTTY": true,
    "isStdErrTTY": true,
    "testRunDurationMs": 780097.377
  },
  "metrics": {
    "single_product_duration": {
      "type": "trend",
      "contains": "time",
      "values": {
        "avg": 5433.724127019087,
        "min": 20.325,
        "med": 1313.8715,
        "max": 60007.111,
        "p(25)": 314.231,
        "p(75)": 2459.532,
        "p(95)": 60000.18955,
        "p(99)": 60001.27231
      },
      "thresholds": {
        "p(95)<1500": {
          "ok": false
        }
      }
    },
    "http_reqs": {
      "type": "counter",
      "contains": "default",
      "values": {
        "rate": 34.862314374888605,
        "count": 27196
      }
    },
    "list_products_duration": {
      "type": "trend",
      "contains": "time",
      "values": {
        "p(75)": 2270.5119999999997,
        "p(95)": 40734.419,
        "p(99)": 41240.552619999995,
        "avg": 5935.2549937481335,
        "min": 15.188,
        "med": 856.064,
        "max": 41692.298,
        "p(25)": 236.714
      },
      "thresholds": {
        "p(95)<2000": {
          "ok": false
        },
        "p(99)<5000": {
          "ok": false
        }
      }
    },
    "http_req_failed": {
      "type": "rate",
      "contains": "default",
      "values": {
        "rate": 0.03401235475805266,
        "passes": 925,
        "fails": 26271
      },
      "thresholds": {
        "rate<0.05": {
          "ok": true
        }
      }
    },
    "checks": {
      "contains": "default",
      "values": {
        "passes": 26311,
        "fails": 925,
        "rate": 0.9660375972976942
      },
      "type": "rate"
    },
    "category_list_duration": {
      "thresholds": {
        "p(95)<1000": {
          "ok": false
        }
      },
      "type": "trend",
      "contains": "time",
      "values": {
        "p(95)": 31680.174249999996,
        "p(99)": 41156.109300000004,
        "avg": 5487.261033863366,
        "min": 9.464,
        "med": 797.5830000000001,
        "max": 47484.122,
        "p(25)": 203.7215,
        "p(75)": 2206.90075
      }
    },
    "http_req_sending": {
      "type": "trend",
      "contains": "time",
      "values": {
        "p(25)": 0.008,
        "p(75)": 0.019,
        "p(95)": 0.059,
        "p(99)": 0.168,
        "avg": 0.023450360347108987,
        "min": 0.002,
        "med": 0.012,
        "max": 9.574
      }
    },
    "search_duration": {
      "values": {
        "p(75)": 30048.142499999998,
        "p(95)": 60001.22005,
        "p(99)": 60001.79405,
        "avg": 18693.645062925127,
        "min": 462.663,
        "med": 12866.645,
        "max": 60017.267,
        "p(25)": 4173.33375
      },
      "thresholds": {
        "p(99)<5000": {
          "ok": false
        },
        "p(95)<2000": {
          "ok": false
        }
      },
      "type": "trend",
      "contains": "time"
    },
    "login_duration": {
      "type": "trend",
      "contains": "time",
      "values": {
        "p(75)": 32251.574999999997,
        "p(95)": 37703.88305,
        "p(99)": 39498.32092,
        "avg": 16789.06548999998,
        "min": 54.612,
        "med": 14354.093,
        "max": 40435.794,
        "p(25)": 1079.89775
      }
    },
    "data_sent": {
      "type": "counter",
      "contains": "data",
      "values": {
        "count": 9312364,
        "rate": 11937.437907831856
      }
    },
    "iterations": {
      "values": {
        "rate": 4.835293786662739,
        "count": 3772
      },
      "type": "counter",
      "contains": "default"
    },
    "pagination_duration": {
      "values": {
        "p(95)": 4564.924499999995,
        "p(99)": 30347.72612,
        "avg": 2116.4680196810314,
        "min": 22.175,
        "med": 781.567,
        "max": 41732.624,
        "p(25)": 162.1015,
        "p(75)": 1523.92
      },
      "thresholds": {
        "p(95)<2000": {
          "ok": false
        }
      },
      "type": "trend",
      "contains": "time"
    },
    "data_loader_errors": {
      "type": "rate",
      "contains": "default",
      "values": {
        "rate": 0.020347394540942927,
        "passes": 41,
        "fails": 1974
      },
      "thresholds": {
        "rate<0.10": {
          "ok": true
        }
      }
    },
    "http_req_blocked": {
      "type": "trend",
      "contains": "time",
      "values": {
        "p(75)": 0.006,
        "p(95)": 0.2522499999999988,
        "p(99)": 3.807049999999961,
        "avg": 0.24161247977643596,
        "min": 0,
        "med": 0.004,
        "max": 126.392,
        "p(25)": 0.002
      }
    },
    "http_req_waiting": {
      "values": {
        "p(95)": 41074.231,
        "p(99)": 60001.14,
        "avg": 7175.724217495209,
        "min": 9.358,
        "med": 1108.4825,
        "max": 60017.23,
        "p(25)": 303.89599999999996,
        "p(75)": 3935.237
      },
      "type": "trend",
      "contains": "time"
    },
    "data_received": {
      "type": "counter",
      "contains": "data",
      "values": {
        "count": 10062369817,
        "rate": 12898863.800435519
      }
    },
    "data_loader_product_create_duration": {
      "type": "trend",
      "contains": "time",
      "values": {
        "p(99)": 60001.31792,
        "avg": 5327.127255623723,
        "min": 20.986,
        "med": 1573.786,
        "max": 60008.678,
        "p(25)": 311.64775,
        "p(75)": 3310.07625,
        "p(95)": 55010.38729999993
      }
    },
    "vus_max": {
      "type": "gauge",
      "contains": "default",
      "values": {
        "value": 841,
        "min": 841,
        "max": 841
      }
    },
    "http_req_receiving": {
      "values": {
        "p(75)": 0.078,
        "p(95)": 6.165499999999998,
        "p(99)": 206.7729999999998,
        "avg": 13.827794344756589,
        "min": 0,
        "med": 0.037,
        "max": 3589.338,
        "p(25)": 0.021
      },
      "type": "trend",
      "contains": "time"
    },
    "http_req_connecting": {
      "contains": "time",
      "values": {
        "p(25)": 0,
        "p(75)": 0,
        "p(95)": 0.2022499999999988,
        "p(99)": 2.7427999999999235,
        "avg": 0.2287113913810855,
        "min": 0,
        "med": 0,
        "max": 126.313
      },
      "type": "trend"
    },
    "user_action_errors": {
      "values": {
        "rate": 0.0404391582799634,
        "passes": 884,
        "fails": 20976
      },
      "thresholds": {
        "rate<0.05": {
          "ok": true
        }
      },
      "type": "rate",
      "contains": "default"
    },
    "http_req_duration{expected_response:true}": {
      "type": "trend",
      "contains": "time",
      "values": {
        "p(99)": 42713.720199999996,
        "avg": 5330.174623425081,
        "min": 9.391,
        "med": 1040.715,
        "max": 59760.329,
        "p(25)": 283.9575,
        "p(75)": 3073.5275,
        "p(95)": 35553.59849999998
      }
    },
    "iteration_duration": {
      "type": "trend",
      "contains": "time",
      "values": {
        "avg": 37951.03655068748,
        "min": 1120.509917,
        "med": 20259.0135415,
        "max": 260581.914875,
        "p(25)": 12725.761833,
        "p(75)": 36270.1333435,
        "p(95)": 200889.65829169998,
        "p(99)": 234030.27964468
      }
    },
    "filter_duration": {
      "values": {
        "p(25)": 289.691,
        "p(75)": 3647.811,
        "p(95)": 59984.937,
        "p(99)": 60001.0038,
        "avg": 7436.484176651836,
        "min": 18.874,
        "med": 1094.257,
        "max": 60003.086
      },
      "thresholds": {
        "p(95)<2000": {
          "ok": false
        },
        "p(99)<5000": {
          "ok": false
        }
      },
      "type": "trend",
      "contains": "time"
    },