{
    "timestamp": "2026-04-05T09:47:32.313Z",
    "status": "PASSED",
    "metrics": {
        "http_reqs": {
            "count": 4583,
            "rate": 25.370070303747475
        },
        "http_req_duration": {
            "p(90)": 237.72682000000003,
            "p(95)": 320.8765799999998,
            "avg": 110.61821121536104,
            "min": 0,
            "med": 71.3927,
            "max": 1007.2883
        },
        "http_req_failed": {
            "rate": 0.0002181976871045167,
            "passes": 1,
            "fails": 4582
        },
        "search_latency": {
            "avg": 146.41301166191155,
            "min": 0,
            "med": 107.3084,
            "max": 1007.2883,
            "p(90)": 294.53763000000004,
            "p(95)": 379.6561399999998
        },
        "filter_latency": {
            "avg": 54.22305629921265,
            "min": 5.1426,
            "med": 32.742599999999996,
            "max": 421.9793,
            "p(90)": 129.94828999999996,
            "p(95)": 156.99279999999985
        }
    }
}