{
    "timestamp": "2026-04-05T09:56:24.805Z",
    "status": "FAILED",
    "metrics": {
        "http_reqs": {
            "count": 12013,
            "rate": 23.5743058841317
        },
        "http_req_duration": {
            "p(95)": 30000.26832,
            "p(99)": 30000.569732,
            "avg": 16348.29524128871,
            "min": 11.2066,
            "med": 16415.0805,
            "max": 30064.0308,
            "p(90)": 29999.74768
        },
        "http_req_failed": {
            "rate": 0.13551985349205029,
            "passes": 1628,
            "fails": 10385
        },
        "search_latency": {
            "med": 16314.5,
            "max": 30064,
            "p(90)": 30000,
            "p(95)": 30000,
            "p(99)": 30003,
            "avg": 16040.149522028263,
            "min": 49
        },
        "filter_latency": {
            "p(95)": 30001,
            "p(99)": 30009,
            "avg": 17614.36698785086,
            "min": 23,
            "med": 16966,
            "max": 30032,
            "p(90)": 30000
        },
        "search_errors": {
            "passes": 9165,
            "fails": 459,
            "rate": 0.9523067331670823
        },
        "filter_errors": {
            "fails": 98,
            "rate": 0.9589442815249267,
            "passes": 2289
        },
        "http_500_rate": {
            "rate": 0,
            "passes": 0,
            "fails": 12011
        }
    }
}